name,lanetype,the_length
ALBEMARLE ST,BIKE BOULEVARD,NA
ALICEANNA ST,BIKE BOULEVARD,NA
ARGONNE DR,BIKE BOULEVARD,NA
ART MUSEUM DR,BIKE BOULEVARD,NA
AUCHENTOROLY TERR,BIKE BOULEVARD,NA
BANK ST,BIKE BOULEVARD,NA
BATTERY AVE,BIKE BOULEVARD,NA
BEAUMONT AVE,BIKE BOULEVARD,NA
BELAIR ROAD,BIKE BOULEVARD,NA
BOSTON ST,BIKE BOULEVARD,NA
CHARLCOTE ROAD,BIKE BOULEVARD,NA
CHERRY HILL ROAD,BIKE BOULEVARD,NA
CHERRYLAND ROAD,BIKE BOULEVARD,NA
CHESTNUT AVE,BIKE BOULEVARD,NA
CLARKS LANE,BIKE BOULEVARD,NA
CORSE AVE,BIKE BOULEVARD,NA
CROSS COUNTRY BLVD,BIKE BOULEVARD,NA
CURRAN DR,BIKE BOULEVARD,NA
DOLFIELD AVE,BIKE BOULEVARD,NA
DRUID PARK LAKE DR,BIKE BOULEVARD,NA
E 33RD ST,BIKE BOULEVARD,NA
E 34TH ST,BIKE BOULEVARD,NA
E BALTIMORE ST,BIKE BOULEVARD,NA
E CLEMENT ST,BIKE BOULEVARD,NA
E COLD SPRING LANE,BIKE BOULEVARD,NA
E GITTINGS ST,BIKE BOULEVARD,NA
E LANVALE ST,BIKE BOULEVARD,NA
E LOMBARD ST,BIKE BOULEVARD,NA
E MONUMENT ST,BIKE BOULEVARD,NA
E MOUNT ROYAL AVE,BIKE BOULEVARD,NA
E PRATT ST,BIKE BOULEVARD,NA
E UNIVERSITY PKWY,BIKE BOULEVARD,NA
EASTERN AVE,BIKE BOULEVARD,NA
ECHODALE AVE,BIKE BOULEVARD,NA
EDMONDSON AVE,BIKE BOULEVARD,NA
ESSEX ST,BIKE BOULEVARD,NA
ETHELBERT AVE,BIKE BOULEVARD,NA
FAIRHAVEN AVE,BIKE BOULEVARD,NA
FAIT AVE,BIKE BOULEVARD,NA
FALLSWAY,BIKE BOULEVARD,NA
FAWN ST,BIKE BOULEVARD,NA
FLEET ST,BIKE BOULEVARD,NA
FRANKFORD AVE,BIKE BOULEVARD,NA
FRANKFORD ROAD,BIKE BOULEVARD,NA
FRANKFURST AVE,BIKE BOULEVARD,NA
FREDERICK AVE,BIKE BOULEVARD,NA
FREDERICK ROAD,BIKE BOULEVARD,NA
GARRISON BLVD,BIKE BOULEVARD,NA
GLEN AVE,BIKE BOULEVARD,NA
GOUGH ST,BIKE BOULEVARD,NA
GREENSPRING AVE,BIKE BOULEVARD,NA
GREENWAY,BIKE BOULEVARD,NA
GUILFORD AVE,BIKE BOULEVARD,8493.26011737
GUILFORD TERR,BIKE BOULEVARD,737.63159806
GWYNN OAK AVE,BIKE BOULEVARD,NA
HAMLIN AVE,BIKE BOULEVARD,NA
HILLEN ROAD,BIKE BOULEVARD,NA
HILTON ROAD,BIKE BOULEVARD,NA
HUNTINGDON PATH,BIKE BOULEVARD,NA
JACKSON ST,BIKE BOULEVARD,NA
KELLY AVE,BIKE BOULEVARD,NA
KESWICK ROAD,BIKE BOULEVARD,NA
LAKE DR,BIKE BOULEVARD,NA
LAKE MONTEBELLO DR,BIKE BOULEVARD,NA
LANCASTER ST,BIKE BOULEVARD,NA
LEAKIN ST,BIKE BOULEVARD,NA
LIBERTY HEIGHTS AVE,BIKE BOULEVARD,NA
LIGHT ST,BIKE BOULEVARD,NA
LOCH RAVEN BLVD,BIKE BOULEVARD,NA
MADISON AVE,BIKE BOULEVARD,NA
MC CALLUM DR,BIKE BOULEVARD,NA
MILLBROOK ROAD,BIKE BOULEVARD,NA
MORAVIA PARK DR,BIKE BOULEVARD,NA
N BROADWAY,BIKE BOULEVARD,NA
N CENTRAL AVE,BIKE BOULEVARD,NA
N CHARLES,BIKE BOULEVARD,NA
N CHARLES ST,BIKE BOULEVARD,NA
N HIGHLAND AVE,BIKE BOULEVARD,NA
N ROGERS AVE,BIKE BOULEVARD,NA
NORTHWOOD DR,BIKE BOULEVARD,NA
NORWOOD ROAD,BIKE BOULEVARD,NA
NOTRE DAME LANE,BIKE BOULEVARD,NA
O'DONNELL ST CUT OFF,BIKE BOULEVARD,NA
PACIFIC ST,BIKE BOULEVARD,NA
PARK HEIGHTS AVE,BIKE BOULEVARD,NA
PENTWOOD ROAD,BIKE BOULEVARD,NA
PIMLICO ROAD,BIKE BOULEVARD,NA
POST ROAD,BIKE BOULEVARD,NA
POTEE ST,BIKE BOULEVARD,NA
PRESIDENT ST,BIKE BOULEVARD,NA
RIVERSIDE AVE,BIKE BOULEVARD,NA
ROLAND AVE,BIKE BOULEVARD,NA
S BROADWAY,BIKE BOULEVARD,NA
S CAROLINE ST,BIKE BOULEVARD,NA
S CENTRAL AVE,BIKE BOULEVARD,NA
S CONKLING ST,BIKE BOULEVARD,NA
S EXETER ST,BIKE BOULEVARD,NA
S HANOVER,BIKE BOULEVARD,NA
S HANOVER ST,BIKE BOULEVARD,NA
S HAVEN ST,BIKE BOULEVARD,NA
S HIGHLAND AVE,BIKE BOULEVARD,NA
S MONTFORD AVE,BIKE BOULEVARD,NA
S PRESIDENT ST,BIKE BOULEVARD,NA
SAINT PAUL ST,BIKE BOULEVARD,NA
SAN MARTIN DR,BIKE BOULEVARD,NA
SEQUOIA AVE,BIKE BOULEVARD,NA
STUART AVE,BIKE BOULEVARD,NA
THE ALAMEDA,BIKE BOULEVARD,NA
TRAINOR AVE,BIKE BOULEVARD,NA
TRINITY ST,BIKE BOULEVARD,NA
VAN LILL ST,BIKE BOULEVARD,NA
W 33RD ST,BIKE BOULEVARD,NA
W 36TH ST,BIKE BOULEVARD,NA
W 39TH ST,BIKE BOULEVARD,NA
W BELVEDERE AVE,BIKE BOULEVARD,NA
W COLD SPRING LANE,BIKE BOULEVARD,NA
W LANVALE ST,BIKE BOULEVARD,NA
W LOMBARD ST,BIKE BOULEVARD,NA
W PRATT ST,BIKE BOULEVARD,NA
W ROGERS AVE,BIKE BOULEVARD,NA
W UNIVERSITY PKWY,BIKE BOULEVARD,NA
WABASH AVE,BIKE BOULEVARD,NA
WALTHER AVE,BIKE BOULEVARD,NA
WARREN AVE,BIKE BOULEVARD,NA
WHITMAN DR,BIKE BOULEVARD,NA
WILLIAM ST,BIKE BOULEVARD,NA
WINANS WAY,BIKE BOULEVARD,NA
WINSTON AVE,BIKE BOULEVARD,NA
WINSTON-ROSSITER,BIKE BOULEVARD,NA
WINSTON-STONEWOOD,BIKE BOULEVARD,NA
WYMAN PARK DR,BIKE BOULEVARD,NA
YORK ROAD,BIKE BOULEVARD,NA
ALBEMARLE ST,BIKE LANE,NA
ALICEANNA ST,BIKE LANE,NA
ARGONNE DR,BIKE LANE,1312.60837294
ART MUSEUM DR,BIKE LANE,NA
AUCHENTOROLY TERR,BIKE LANE,1341.82907995
BANK ST,BIKE LANE,2983.28359106
BATTERY AVE,BIKE LANE,NA
BEAUMONT AVE,BIKE LANE,NA
BELAIR ROAD,BIKE LANE,NA
BOSTON ST,BIKE LANE,7805.1308677
CHARLCOTE ROAD,BIKE LANE,NA
CHERRY HILL ROAD,BIKE LANE,2904.26370232
CHERRYLAND ROAD,BIKE LANE,NA
CHESTNUT AVE,BIKE LANE,NA
CLARKS LANE,BIKE LANE,NA
CORSE AVE,BIKE LANE,NA
CROSS COUNTRY BLVD,BIKE LANE,2642.54419277
CURRAN DR,BIKE LANE,2682.62480013
DOLFIELD AVE,BIKE LANE,NA
DRUID PARK LAKE DR,BIKE LANE,688.70665333
E 33RD ST,BIKE LANE,810.13070239
E 34TH ST,BIKE LANE,NA
E BALTIMORE ST,BIKE LANE,77.27323272
E CLEMENT ST,BIKE LANE,NA
E COLD SPRING LANE,BIKE LANE,NA
E GITTINGS ST,BIKE LANE,NA
E LANVALE ST,BIKE LANE,NA
E LOMBARD ST,BIKE LANE,NA
E MONUMENT ST,BIKE LANE,1813.44460732
E MOUNT ROYAL AVE,BIKE LANE,NA
E PRATT ST,BIKE LANE,NA
E UNIVERSITY PKWY,BIKE LANE,NA
EASTERN AVE,BIKE LANE,NA
ECHODALE AVE,BIKE LANE,NA
EDMONDSON AVE,BIKE LANE,6017.5128518599995
ESSEX ST,BIKE LANE,NA
ETHELBERT AVE,BIKE LANE,NA
FAIRHAVEN AVE,BIKE LANE,3079.70948069
FAIT AVE,BIKE LANE,NA
FALLSWAY,BIKE LANE,389.00921415
FAWN ST,BIKE LANE,NA
FLEET ST,BIKE LANE,NA
FRANKFORD AVE,BIKE LANE,3369.63873615
FRANKFORD ROAD,BIKE LANE,634.53631978
FRANKFURST AVE,BIKE LANE,313.18967684
FREDERICK AVE,BIKE LANE,15122.85857119
FREDERICK ROAD,BIKE LANE,159.50782312
GARRISON BLVD,BIKE LANE,NA
GLEN AVE,BIKE LANE,NA
GOUGH ST,BIKE LANE,NA
GREENSPRING AVE,BIKE LANE,10215.69380659
GREENWAY,BIKE LANE,NA
GUILFORD AVE,BIKE LANE,NA
GUILFORD TERR,BIKE LANE,NA
GWYNN OAK AVE,BIKE LANE,8928.65408804
HAMLIN AVE,BIKE LANE,NA
HILLEN ROAD,BIKE LANE,NA
HILTON ROAD,BIKE LANE,883.3423648600001
HUNTINGDON PATH,BIKE LANE,NA
JACKSON ST,BIKE LANE,NA
KELLY AVE,BIKE LANE,3390.16646609
KESWICK ROAD,BIKE LANE,NA
LAKE DR,BIKE LANE,6384.20417228
LAKE MONTEBELLO DR,BIKE LANE,259.6567246
LANCASTER ST,BIKE LANE,NA
LEAKIN ST,BIKE LANE,NA
LIBERTY HEIGHTS AVE,BIKE LANE,730.6465573600001
LIGHT ST,BIKE LANE,845.6832527400001
LOCH RAVEN BLVD,BIKE LANE,NA
MADISON AVE,BIKE LANE,2179.32564503
MC CALLUM DR,BIKE LANE,NA
MILLBROOK ROAD,BIKE LANE,NA
MORAVIA PARK DR,BIKE LANE,2985.94015455
N BROADWAY,BIKE LANE,10028.96246186
N CENTRAL AVE,BIKE LANE,876.28048997
N CHARLES,BIKE LANE,NA
N CHARLES ST,BIKE LANE,NA
N HIGHLAND AVE,BIKE LANE,875.97489782
N ROGERS AVE,BIKE LANE,2300.53425418
NORTHWOOD DR,BIKE LANE,NA
NORWOOD ROAD,BIKE LANE,NA
NOTRE DAME LANE,BIKE LANE,NA
O'DONNELL ST CUT OFF,BIKE LANE,673.4910147
PACIFIC ST,BIKE LANE,NA
PARK HEIGHTS AVE,BIKE LANE,NA
PENTWOOD ROAD,BIKE LANE,NA
PIMLICO ROAD,BIKE LANE,146.60176905
POST ROAD,BIKE LANE,NA
POTEE ST,BIKE LANE,2938.6938708800003
PRESIDENT ST,BIKE LANE,2632.4111731900002
RIVERSIDE AVE,BIKE LANE,NA
ROLAND AVE,BIKE LANE,22522.16690699
S BROADWAY,BIKE LANE,NA
S CAROLINE ST,BIKE LANE,2707.89539278
S CENTRAL AVE,BIKE LANE,4042.70098014
S CONKLING ST,BIKE LANE,2222.0702671
S EXETER ST,BIKE LANE,NA
S HANOVER,BIKE LANE,2536.73077513
S HANOVER ST,BIKE LANE,3020.85467695
S HAVEN ST,BIKE LANE,NA
S HIGHLAND AVE,BIKE LANE,1796.80397559
S MONTFORD AVE,BIKE LANE,NA
S PRESIDENT ST,BIKE LANE,1188.14379484
SAINT PAUL ST,BIKE LANE,9230.02774387
SAN MARTIN DR,BIKE LANE,NA
SEQUOIA AVE,BIKE LANE,28.67251115
STUART AVE,BIKE LANE,NA
THE ALAMEDA,BIKE LANE,NA
TRAINOR AVE,BIKE LANE,NA
TRINITY ST,BIKE LANE,NA
VAN LILL ST,BIKE LANE,NA
W 33RD ST,BIKE LANE,383.88960688
W 36TH ST,BIKE LANE,NA
W 39TH ST,BIKE LANE,NA
W BELVEDERE AVE,BIKE LANE,5546.83513139
W COLD SPRING LANE,BIKE LANE,NA
W LANVALE ST,BIKE LANE,NA
W LOMBARD ST,BIKE LANE,NA
W PRATT ST,BIKE LANE,NA
W ROGERS AVE,BIKE LANE,NA
W UNIVERSITY PKWY,BIKE LANE,7867.91333749
WABASH AVE,BIKE LANE,2615.49793727
WALTHER AVE,BIKE LANE,4279.6781339
WARREN AVE,BIKE LANE,NA
WHITMAN DR,BIKE LANE,4340.53441897
WILLIAM ST,BIKE LANE,NA
WINANS WAY,BIKE LANE,NA
WINSTON AVE,BIKE LANE,NA
WINSTON-ROSSITER,BIKE LANE,NA
WINSTON-STONEWOOD,BIKE LANE,NA
WYMAN PARK DR,BIKE LANE,NA
YORK ROAD,BIKE LANE,NA
ALBEMARLE ST,CONTRAFLOW,NA
ALICEANNA ST,CONTRAFLOW,NA
ARGONNE DR,CONTRAFLOW,NA
ART MUSEUM DR,CONTRAFLOW,NA
AUCHENTOROLY TERR,CONTRAFLOW,NA
BANK ST,CONTRAFLOW,NA
BATTERY AVE,CONTRAFLOW,NA
BEAUMONT AVE,CONTRAFLOW,NA
BELAIR ROAD,CONTRAFLOW,NA
BOSTON ST,CONTRAFLOW,NA
CHARLCOTE ROAD,CONTRAFLOW,NA
CHERRY HILL ROAD,CONTRAFLOW,NA
CHERRYLAND ROAD,CONTRAFLOW,NA
CHESTNUT AVE,CONTRAFLOW,NA
CLARKS LANE,CONTRAFLOW,NA
CORSE AVE,CONTRAFLOW,NA
CROSS COUNTRY BLVD,CONTRAFLOW,NA
CURRAN DR,CONTRAFLOW,NA
DOLFIELD AVE,CONTRAFLOW,NA
DRUID PARK LAKE DR,CONTRAFLOW,NA
E 33RD ST,CONTRAFLOW,NA
E 34TH ST,CONTRAFLOW,NA
E BALTIMORE ST,CONTRAFLOW,NA
E CLEMENT ST,CONTRAFLOW,NA
E COLD SPRING LANE,CONTRAFLOW,NA
E GITTINGS ST,CONTRAFLOW,NA
E LANVALE ST,CONTRAFLOW,714.59338388
E LOMBARD ST,CONTRAFLOW,NA
E MONUMENT ST,CONTRAFLOW,NA
E MOUNT ROYAL AVE,CONTRAFLOW,NA
E PRATT ST,CONTRAFLOW,NA
E UNIVERSITY PKWY,CONTRAFLOW,NA
EASTERN AVE,CONTRAFLOW,NA
ECHODALE AVE,CONTRAFLOW,NA
EDMONDSON AVE,CONTRAFLOW,NA
ESSEX ST,CONTRAFLOW,NA
ETHELBERT AVE,CONTRAFLOW,NA
FAIRHAVEN AVE,CONTRAFLOW,NA
FAIT AVE,CONTRAFLOW,NA
FALLSWAY,CONTRAFLOW,NA
FAWN ST,CONTRAFLOW,268.05810503
FLEET ST,CONTRAFLOW,NA
FRANKFORD AVE,CONTRAFLOW,NA
FRANKFORD ROAD,CONTRAFLOW,NA
FRANKFURST AVE,CONTRAFLOW,NA
FREDERICK AVE,CONTRAFLOW,NA
FREDERICK ROAD,CONTRAFLOW,NA
GARRISON BLVD,CONTRAFLOW,NA
GLEN AVE,CONTRAFLOW,NA
GOUGH ST,CONTRAFLOW,NA
GREENSPRING AVE,CONTRAFLOW,NA
GREENWAY,CONTRAFLOW,NA
GUILFORD AVE,CONTRAFLOW,NA
GUILFORD TERR,CONTRAFLOW,NA
GWYNN OAK AVE,CONTRAFLOW,NA
HAMLIN AVE,CONTRAFLOW,NA
HILLEN ROAD,CONTRAFLOW,NA
HILTON ROAD,CONTRAFLOW,NA
HUNTINGDON PATH,CONTRAFLOW,NA
JACKSON ST,CONTRAFLOW,NA
KELLY AVE,CONTRAFLOW,NA
KESWICK ROAD,CONTRAFLOW,NA
LAKE DR,CONTRAFLOW,NA
LAKE MONTEBELLO DR,CONTRAFLOW,NA
LANCASTER ST,CONTRAFLOW,371.20929989
LEAKIN ST,CONTRAFLOW,NA
LIBERTY HEIGHTS AVE,CONTRAFLOW,NA
LIGHT ST,CONTRAFLOW,NA
LOCH RAVEN BLVD,CONTRAFLOW,NA
MADISON AVE,CONTRAFLOW,NA
MC CALLUM DR,CONTRAFLOW,NA
MILLBROOK ROAD,CONTRAFLOW,NA
MORAVIA PARK DR,CONTRAFLOW,NA
N BROADWAY,CONTRAFLOW,NA
N CENTRAL AVE,CONTRAFLOW,NA
N CHARLES,CONTRAFLOW,NA
N CHARLES ST,CONTRAFLOW,NA
N HIGHLAND AVE,CONTRAFLOW,NA
N ROGERS AVE,CONTRAFLOW,NA
NORTHWOOD DR,CONTRAFLOW,NA
NORWOOD ROAD,CONTRAFLOW,NA
NOTRE DAME LANE,CONTRAFLOW,NA
O'DONNELL ST CUT OFF,CONTRAFLOW,NA
PACIFIC ST,CONTRAFLOW,NA
PARK HEIGHTS AVE,CONTRAFLOW,NA
PENTWOOD ROAD,CONTRAFLOW,NA
PIMLICO ROAD,CONTRAFLOW,NA
POST ROAD,CONTRAFLOW,NA
POTEE ST,CONTRAFLOW,NA
PRESIDENT ST,CONTRAFLOW,NA
RIVERSIDE AVE,CONTRAFLOW,NA
ROLAND AVE,CONTRAFLOW,NA
S BROADWAY,CONTRAFLOW,NA
S CAROLINE ST,CONTRAFLOW,NA
S CENTRAL AVE,CONTRAFLOW,NA
S CONKLING ST,CONTRAFLOW,NA
S EXETER ST,CONTRAFLOW,NA
S HANOVER,CONTRAFLOW,NA
S HANOVER ST,CONTRAFLOW,NA
S HAVEN ST,CONTRAFLOW,NA
S HIGHLAND AVE,CONTRAFLOW,NA
S MONTFORD AVE,CONTRAFLOW,NA
S PRESIDENT ST,CONTRAFLOW,NA
SAINT PAUL ST,CONTRAFLOW,NA
SAN MARTIN DR,CONTRAFLOW,NA
SEQUOIA AVE,CONTRAFLOW,NA
STUART AVE,CONTRAFLOW,NA
THE ALAMEDA,CONTRAFLOW,NA
TRAINOR AVE,CONTRAFLOW,NA
TRINITY ST,CONTRAFLOW,NA
VAN LILL ST,CONTRAFLOW,NA
W 33RD ST,CONTRAFLOW,NA
W 36TH ST,CONTRAFLOW,NA
W 39TH ST,CONTRAFLOW,NA
W BELVEDERE AVE,CONTRAFLOW,NA
W COLD SPRING LANE,CONTRAFLOW,NA
W LANVALE ST,CONTRAFLOW,420.20320266
W LOMBARD ST,CONTRAFLOW,NA
W PRATT ST,CONTRAFLOW,NA
W ROGERS AVE,CONTRAFLOW,NA
W UNIVERSITY PKWY,CONTRAFLOW,NA
WABASH AVE,CONTRAFLOW,NA
WALTHER AVE,CONTRAFLOW,NA
WARREN AVE,CONTRAFLOW,NA
WHITMAN DR,CONTRAFLOW,NA
WILLIAM ST,CONTRAFLOW,NA
WINANS WAY,CONTRAFLOW,NA
WINSTON AVE,CONTRAFLOW,NA
WINSTON-ROSSITER,CONTRAFLOW,NA
WINSTON-STONEWOOD,CONTRAFLOW,NA
WYMAN PARK DR,CONTRAFLOW,NA
YORK ROAD,CONTRAFLOW,NA
ALBEMARLE ST,SHARED BUS BIKE,NA
ALICEANNA ST,SHARED BUS BIKE,NA
ARGONNE DR,SHARED BUS BIKE,NA
ART MUSEUM DR,SHARED BUS BIKE,NA
AUCHENTOROLY TERR,SHARED BUS BIKE,NA
BANK ST,SHARED BUS BIKE,NA
BATTERY AVE,SHARED BUS BIKE,NA
BEAUMONT AVE,SHARED BUS BIKE,NA
BELAIR ROAD,SHARED BUS BIKE,NA
BOSTON ST,SHARED BUS BIKE,NA
CHARLCOTE ROAD,SHARED BUS BIKE,NA
CHERRY HILL ROAD,SHARED BUS BIKE,NA
CHERRYLAND ROAD,SHARED BUS BIKE,NA
CHESTNUT AVE,SHARED BUS BIKE,NA
CLARKS LANE,SHARED BUS BIKE,NA
CORSE AVE,SHARED BUS BIKE,NA
CROSS COUNTRY BLVD,SHARED BUS BIKE,NA
CURRAN DR,SHARED BUS BIKE,NA
DOLFIELD AVE,SHARED BUS BIKE,NA
DRUID PARK LAKE DR,SHARED BUS BIKE,NA
E 33RD ST,SHARED BUS BIKE,NA
E 34TH ST,SHARED BUS BIKE,NA
E BALTIMORE ST,SHARED BUS BIKE,NA
E CLEMENT ST,SHARED BUS BIKE,NA
E COLD SPRING LANE,SHARED BUS BIKE,NA
E GITTINGS ST,SHARED BUS BIKE,NA
E LANVALE ST,SHARED BUS BIKE,NA
E LOMBARD ST,SHARED BUS BIKE,2873.97724618
E MONUMENT ST,SHARED BUS BIKE,NA
E MOUNT ROYAL AVE,SHARED BUS BIKE,NA
E PRATT ST,SHARED BUS BIKE,3030.20096856
E UNIVERSITY PKWY,SHARED BUS BIKE,NA
EASTERN AVE,SHARED BUS BIKE,NA
ECHODALE AVE,SHARED BUS BIKE,NA
EDMONDSON AVE,SHARED BUS BIKE,NA
ESSEX ST,SHARED BUS BIKE,NA
ETHELBERT AVE,SHARED BUS BIKE,NA
FAIRHAVEN AVE,SHARED BUS BIKE,NA
FAIT AVE,SHARED BUS BIKE,NA
FALLSWAY,SHARED BUS BIKE,NA
FAWN ST,SHARED BUS BIKE,NA
FLEET ST,SHARED BUS BIKE,NA
FRANKFORD AVE,SHARED BUS BIKE,NA
FRANKFORD ROAD,SHARED BUS BIKE,NA
FRANKFURST AVE,SHARED BUS BIKE,NA
FREDERICK AVE,SHARED BUS BIKE,NA
FREDERICK ROAD,SHARED BUS BIKE,NA
GARRISON BLVD,SHARED BUS BIKE,NA
GLEN AVE,SHARED BUS BIKE,NA
GOUGH ST,SHARED BUS BIKE,NA
GREENSPRING AVE,SHARED BUS BIKE,NA
GREENWAY,SHARED BUS BIKE,NA
GUILFORD AVE,SHARED BUS BIKE,NA
GUILFORD TERR,SHARED BUS BIKE,NA
GWYNN OAK AVE,SHARED BUS BIKE,NA
HAMLIN AVE,SHARED BUS BIKE,NA
HILLEN ROAD,SHARED BUS BIKE,NA
HILTON ROAD,SHARED BUS BIKE,NA
HUNTINGDON PATH,SHARED BUS BIKE,NA
JACKSON ST,SHARED BUS BIKE,NA
KELLY AVE,SHARED BUS BIKE,NA
KESWICK ROAD,SHARED BUS BIKE,NA
LAKE DR,SHARED BUS BIKE,NA
LAKE MONTEBELLO DR,SHARED BUS BIKE,NA
LANCASTER ST,SHARED BUS BIKE,NA
LEAKIN ST,SHARED BUS BIKE,NA
LIBERTY HEIGHTS AVE,SHARED BUS BIKE,NA
LIGHT ST,SHARED BUS BIKE,NA
LOCH RAVEN BLVD,SHARED BUS BIKE,NA
MADISON AVE,SHARED BUS BIKE,NA
MC CALLUM DR,SHARED BUS BIKE,NA
MILLBROOK ROAD,SHARED BUS BIKE,NA
MORAVIA PARK DR,SHARED BUS BIKE,NA
N BROADWAY,SHARED BUS BIKE,NA
N CENTRAL AVE,SHARED BUS BIKE,NA
N CHARLES,SHARED BUS BIKE,NA
N CHARLES ST,SHARED BUS BIKE,NA
N HIGHLAND AVE,SHARED BUS BIKE,NA
N ROGERS AVE,SHARED BUS BIKE,NA
NORTHWOOD DR,SHARED BUS BIKE,NA
NORWOOD ROAD,SHARED BUS BIKE,NA
NOTRE DAME LANE,SHARED BUS BIKE,NA
O'DONNELL ST CUT OFF,SHARED BUS BIKE,NA
PACIFIC ST,SHARED BUS BIKE,NA
PARK HEIGHTS AVE,SHARED BUS BIKE,NA
PENTWOOD ROAD,SHARED BUS BIKE,NA
PIMLICO ROAD,SHARED BUS BIKE,NA
POST ROAD,SHARED BUS BIKE,NA
POTEE ST,SHARED BUS BIKE,NA
PRESIDENT ST,SHARED BUS BIKE,NA
RIVERSIDE AVE,SHARED BUS BIKE,NA
ROLAND AVE,SHARED BUS BIKE,NA
S BROADWAY,SHARED BUS BIKE,NA
S CAROLINE ST,SHARED BUS BIKE,NA
S CENTRAL AVE,SHARED BUS BIKE,NA
S CONKLING ST,SHARED BUS BIKE,NA
S EXETER ST,SHARED BUS BIKE,NA
S HANOVER,SHARED BUS BIKE,NA
S HANOVER ST,SHARED BUS BIKE,NA
S HAVEN ST,SHARED BUS BIKE,NA
S HIGHLAND AVE,SHARED BUS BIKE,NA
S MONTFORD AVE,SHARED BUS BIKE,NA
S PRESIDENT ST,SHARED BUS BIKE,NA
SAINT PAUL ST,SHARED BUS BIKE,NA
SAN MARTIN DR,SHARED BUS BIKE,NA
SEQUOIA AVE,SHARED BUS BIKE,NA
STUART AVE,SHARED BUS BIKE,NA
THE ALAMEDA,SHARED BUS BIKE,NA
TRAINOR AVE,SHARED BUS BIKE,NA
TRINITY ST,SHARED BUS BIKE,NA
VAN LILL ST,SHARED BUS BIKE,NA
W 33RD ST,SHARED BUS BIKE,NA
W 36TH ST,SHARED BUS BIKE,NA
W 39TH ST,SHARED BUS BIKE,NA
W BELVEDERE AVE,SHARED BUS BIKE,NA
W COLD SPRING LANE,SHARED BUS BIKE,NA
W LANVALE ST,SHARED BUS BIKE,NA
W LOMBARD ST,SHARED BUS BIKE,2438.0692664
W PRATT ST,SHARED BUS BIKE,2447.71703994
W ROGERS AVE,SHARED BUS BIKE,NA
W UNIVERSITY PKWY,SHARED BUS BIKE,NA
WABASH AVE,SHARED BUS BIKE,NA
WALTHER AVE,SHARED BUS BIKE,NA
WARREN AVE,SHARED BUS BIKE,NA
WHITMAN DR,SHARED BUS BIKE,NA
WILLIAM ST,SHARED BUS BIKE,NA
WINANS WAY,SHARED BUS BIKE,NA
WINSTON AVE,SHARED BUS BIKE,NA
WINSTON-ROSSITER,SHARED BUS BIKE,NA
WINSTON-STONEWOOD,SHARED BUS BIKE,NA
WYMAN PARK DR,SHARED BUS BIKE,NA
YORK ROAD,SHARED BUS BIKE,NA
ALBEMARLE ST,SHARROW,439.65669098
ALICEANNA ST,SHARROW,4763.49576704
ARGONNE DR,SHARROW,NA
ART MUSEUM DR,SHARROW,NA
AUCHENTOROLY TERR,SHARROW,NA
BANK ST,SHARROW,NA
BATTERY AVE,SHARROW,NA
BEAUMONT AVE,SHARROW,NA
BELAIR ROAD,SHARROW,3800.26589682
BOSTON ST,SHARROW,NA
CHARLCOTE ROAD,SHARROW,NA
CHERRY HILL ROAD,SHARROW,NA
CHERRYLAND ROAD,SHARROW,2175.45700312
CHESTNUT AVE,SHARROW,1538.32159552
CLARKS LANE,SHARROW,2109.36333875
CORSE AVE,SHARROW,812.96709993
CROSS COUNTRY BLVD,SHARROW,1496.1366935
CURRAN DR,SHARROW,NA
DOLFIELD AVE,SHARROW,3143.90924042
DRUID PARK LAKE DR,SHARROW,NA
E 33RD ST,SHARROW,14732.9542143
E 34TH ST,SHARROW,NA
E BALTIMORE ST,SHARROW,12262.54184422
E CLEMENT ST,SHARROW,NA
E COLD SPRING LANE,SHARROW,NA
E GITTINGS ST,SHARROW,NA
E LANVALE ST,SHARROW,455.59865734000005
E LOMBARD ST,SHARROW,NA
E MONUMENT ST,SHARROW,2755.8715845
E MOUNT ROYAL AVE,SHARROW,1461.91021923
E PRATT ST,SHARROW,NA
E UNIVERSITY PKWY,SHARROW,NA
EASTERN AVE,SHARROW,NA
ECHODALE AVE,SHARROW,4195.95845211
EDMONDSON AVE,SHARROW,NA
ESSEX ST,SHARROW,846.87857033
ETHELBERT AVE,SHARROW,NA
FAIRHAVEN AVE,SHARROW,NA
FAIT AVE,SHARROW,5800.9234162
FALLSWAY,SHARROW,2011.82952237
FAWN ST,SHARROW,NA
FLEET ST,SHARROW,159.99213247
FRANKFORD AVE,SHARROW,534.57695364
FRANKFORD ROAD,SHARROW,NA
FRANKFURST AVE,SHARROW,NA
FREDERICK AVE,SHARROW,NA
FREDERICK ROAD,SHARROW,NA
GARRISON BLVD,SHARROW,7840.4042606600005
GLEN AVE,SHARROW,3284.96106027
GOUGH ST,SHARROW,NA
GREENSPRING AVE,SHARROW,3698.32015688
GREENWAY,SHARROW,NA
GUILFORD AVE,SHARROW,2687.28656017
GUILFORD TERR,SHARROW,NA
GWYNN OAK AVE,SHARROW,NA
HAMLIN AVE,SHARROW,372.60027097
HILLEN ROAD,SHARROW,NA
HILTON ROAD,SHARROW,693.21124997
HUNTINGDON PATH,SHARROW,NA
JACKSON ST,SHARROW,NA
KELLY AVE,SHARROW,NA
KESWICK ROAD,SHARROW,1893.79311298
LAKE DR,SHARROW,NA
LAKE MONTEBELLO DR,SHARROW,NA
LANCASTER ST,SHARROW,NA
LEAKIN ST,SHARROW,292.70323701
LIBERTY HEIGHTS AVE,SHARROW,NA
LIGHT ST,SHARROW,NA
LOCH RAVEN BLVD,SHARROW,3956.9832261
MADISON AVE,SHARROW,NA
MC CALLUM DR,SHARROW,NA
MILLBROOK ROAD,SHARROW,NA
MORAVIA PARK DR,SHARROW,403.08043734
N BROADWAY,SHARROW,4987.1162642
N CENTRAL AVE,SHARROW,NA
N CHARLES,SHARROW,NA
N CHARLES ST,SHARROW,NA
N HIGHLAND AVE,SHARROW,NA
N ROGERS AVE,SHARROW,5538.40680956
NORTHWOOD DR,SHARROW,NA
NORWOOD ROAD,SHARROW,NA
NOTRE DAME LANE,SHARROW,NA
O'DONNELL ST CUT OFF,SHARROW,NA
PACIFIC ST,SHARROW,16.93555727
PARK HEIGHTS AVE,SHARROW,4971.52544529
PENTWOOD ROAD,SHARROW,NA
PIMLICO ROAD,SHARROW,173.96616601
POST ROAD,SHARROW,NA
POTEE ST,SHARROW,NA
PRESIDENT ST,SHARROW,331.62963543
RIVERSIDE AVE,SHARROW,NA
ROLAND AVE,SHARROW,1780.0951697799999
S BROADWAY,SHARROW,7087.22404143
S CAROLINE ST,SHARROW,NA
S CENTRAL AVE,SHARROW,NA
S CONKLING ST,SHARROW,NA
S EXETER ST,SHARROW,NA
S HANOVER,SHARROW,NA
S HANOVER ST,SHARROW,NA
S HAVEN ST,SHARROW,NA
S HIGHLAND AVE,SHARROW,NA
S MONTFORD AVE,SHARROW,47.40281092
S PRESIDENT ST,SHARROW,NA
SAINT PAUL ST,SHARROW,NA
SAN MARTIN DR,SHARROW,NA
SEQUOIA AVE,SHARROW,1166.50197416
STUART AVE,SHARROW,13.49212208
THE ALAMEDA,SHARROW,NA
TRAINOR AVE,SHARROW,NA
TRINITY ST,SHARROW,NA
VAN LILL ST,SHARROW,293.7979368
W 33RD ST,SHARROW,NA
W 36TH ST,SHARROW,921.42741714
W 39TH ST,SHARROW,NA
W BELVEDERE AVE,SHARROW,6307.27006899
W COLD SPRING LANE,SHARROW,5554.2529323
W LANVALE ST,SHARROW,NA
W LOMBARD ST,SHARROW,NA
W PRATT ST,SHARROW,NA
W ROGERS AVE,SHARROW,4023.5851524
W UNIVERSITY PKWY,SHARROW,4214.59737284
WABASH AVE,SHARROW,1906.87696199
WALTHER AVE,SHARROW,NA
WARREN AVE,SHARROW,NA
WHITMAN DR,SHARROW,NA
WILLIAM ST,SHARROW,NA
WINANS WAY,SHARROW,NA
WINSTON AVE,SHARROW,NA
WINSTON-ROSSITER,SHARROW,NA
WINSTON-STONEWOOD,SHARROW,NA
WYMAN PARK DR,SHARROW,3495.50207572
YORK ROAD,SHARROW,NA
ALBEMARLE ST,SIDEPATH,NA
ALICEANNA ST,SIDEPATH,NA
ARGONNE DR,SIDEPATH,NA
ART MUSEUM DR,SIDEPATH,NA
AUCHENTOROLY TERR,SIDEPATH,NA
BANK ST,SIDEPATH,NA
BATTERY AVE,SIDEPATH,NA
BEAUMONT AVE,SIDEPATH,NA
BELAIR ROAD,SIDEPATH,NA
BOSTON ST,SIDEPATH,NA
CHARLCOTE ROAD,SIDEPATH,NA
CHERRY HILL ROAD,SIDEPATH,NA
CHERRYLAND ROAD,SIDEPATH,NA
CHESTNUT AVE,SIDEPATH,NA
CLARKS LANE,SIDEPATH,NA
CORSE AVE,SIDEPATH,NA
CROSS COUNTRY BLVD,SIDEPATH,NA
CURRAN DR,SIDEPATH,NA
DOLFIELD AVE,SIDEPATH,NA
DRUID PARK LAKE DR,SIDEPATH,NA
E 33RD ST,SIDEPATH,NA
E 34TH ST,SIDEPATH,NA
E BALTIMORE ST,SIDEPATH,NA
E CLEMENT ST,SIDEPATH,NA
E COLD SPRING LANE,SIDEPATH,NA
E GITTINGS ST,SIDEPATH,NA
E LANVALE ST,SIDEPATH,NA
E LOMBARD ST,SIDEPATH,NA
E MONUMENT ST,SIDEPATH,NA
E MOUNT ROYAL AVE,SIDEPATH,NA
E PRATT ST,SIDEPATH,NA
E UNIVERSITY PKWY,SIDEPATH,NA
EASTERN AVE,SIDEPATH,1443.54253308
ECHODALE AVE,SIDEPATH,NA
EDMONDSON AVE,SIDEPATH,NA
ESSEX ST,SIDEPATH,NA
ETHELBERT AVE,SIDEPATH,NA
FAIRHAVEN AVE,SIDEPATH,NA
FAIT AVE,SIDEPATH,NA
FALLSWAY,SIDEPATH,NA
FAWN ST,SIDEPATH,NA
FLEET ST,SIDEPATH,NA
FRANKFORD AVE,SIDEPATH,NA
FRANKFORD ROAD,SIDEPATH,NA
FRANKFURST AVE,SIDEPATH,NA
FREDERICK AVE,SIDEPATH,NA
FREDERICK ROAD,SIDEPATH,NA
GARRISON BLVD,SIDEPATH,NA
GLEN AVE,SIDEPATH,NA
GOUGH ST,SIDEPATH,NA
GREENSPRING AVE,SIDEPATH,NA
GREENWAY,SIDEPATH,NA
GUILFORD AVE,SIDEPATH,NA
GUILFORD TERR,SIDEPATH,NA
GWYNN OAK AVE,SIDEPATH,NA
HAMLIN AVE,SIDEPATH,NA
HILLEN ROAD,SIDEPATH,NA
HILTON ROAD,SIDEPATH,NA
HUNTINGDON PATH,SIDEPATH,0
JACKSON ST,SIDEPATH,NA
KELLY AVE,SIDEPATH,NA
KESWICK ROAD,SIDEPATH,NA
LAKE DR,SIDEPATH,NA
LAKE MONTEBELLO DR,SIDEPATH,NA
LANCASTER ST,SIDEPATH,NA
LEAKIN ST,SIDEPATH,NA
LIBERTY HEIGHTS AVE,SIDEPATH,NA
LIGHT ST,SIDEPATH,NA
LOCH RAVEN BLVD,SIDEPATH,NA
MADISON AVE,SIDEPATH,NA
MC CALLUM DR,SIDEPATH,NA
MILLBROOK ROAD,SIDEPATH,NA
MORAVIA PARK DR,SIDEPATH,NA
N BROADWAY,SIDEPATH,NA
N CENTRAL AVE,SIDEPATH,NA
N CHARLES,SIDEPATH,NA
N CHARLES ST,SIDEPATH,NA
N HIGHLAND AVE,SIDEPATH,NA
N ROGERS AVE,SIDEPATH,NA
NORTHWOOD DR,SIDEPATH,NA
NORWOOD ROAD,SIDEPATH,NA
NOTRE DAME LANE,SIDEPATH,NA
O'DONNELL ST CUT OFF,SIDEPATH,NA
PACIFIC ST,SIDEPATH,NA
PARK HEIGHTS AVE,SIDEPATH,NA
PENTWOOD ROAD,SIDEPATH,NA
PIMLICO ROAD,SIDEPATH,NA
POST ROAD,SIDEPATH,NA
POTEE ST,SIDEPATH,NA
PRESIDENT ST,SIDEPATH,NA
RIVERSIDE AVE,SIDEPATH,NA
ROLAND AVE,SIDEPATH,NA
S BROADWAY,SIDEPATH,NA
S CAROLINE ST,SIDEPATH,NA
S CENTRAL AVE,SIDEPATH,NA
S CONKLING ST,SIDEPATH,NA
S EXETER ST,SIDEPATH,NA
S HANOVER,SIDEPATH,NA
S HANOVER ST,SIDEPATH,NA
S HAVEN ST,SIDEPATH,344.44056692
S HIGHLAND AVE,SIDEPATH,NA
S MONTFORD AVE,SIDEPATH,NA
S PRESIDENT ST,SIDEPATH,NA
SAINT PAUL ST,SIDEPATH,NA
SAN MARTIN DR,SIDEPATH,NA
SEQUOIA AVE,SIDEPATH,NA
STUART AVE,SIDEPATH,NA
THE ALAMEDA,SIDEPATH,NA
TRAINOR AVE,SIDEPATH,NA
TRINITY ST,SIDEPATH,NA
VAN LILL ST,SIDEPATH,NA
W 33RD ST,SIDEPATH,NA
W 36TH ST,SIDEPATH,NA
W 39TH ST,SIDEPATH,NA
W BELVEDERE AVE,SIDEPATH,NA
W COLD SPRING LANE,SIDEPATH,NA
W LANVALE ST,SIDEPATH,NA
W LOMBARD ST,SIDEPATH,NA
W PRATT ST,SIDEPATH,NA
W ROGERS AVE,SIDEPATH,NA
W UNIVERSITY PKWY,SIDEPATH,NA
WABASH AVE,SIDEPATH,NA
WALTHER AVE,SIDEPATH,NA
WARREN AVE,SIDEPATH,NA
WHITMAN DR,SIDEPATH,NA
WILLIAM ST,SIDEPATH,NA
WINANS WAY,SIDEPATH,1848.48484641
WINSTON AVE,SIDEPATH,NA
WINSTON-ROSSITER,SIDEPATH,NA
WINSTON-STONEWOOD,SIDEPATH,NA
WYMAN PARK DR,SIDEPATH,NA
YORK ROAD,SIDEPATH,NA
ALBEMARLE ST,SIGNED ROUTE,1879.35202472
ALICEANNA ST,SIGNED ROUTE,NA
ARGONNE DR,SIGNED ROUTE,NA
ART MUSEUM DR,SIGNED ROUTE,832.97396136
AUCHENTOROLY TERR,SIGNED ROUTE,NA
BANK ST,SIGNED ROUTE,4551.25386491
BATTERY AVE,SIGNED ROUTE,623.41964486
BEAUMONT AVE,SIGNED ROUTE,3116.98654823
BELAIR ROAD,SIGNED ROUTE,NA
BOSTON ST,SIGNED ROUTE,NA
CHARLCOTE ROAD,SIGNED ROUTE,726.52919249
CHERRY HILL ROAD,SIGNED ROUTE,NA
CHERRYLAND ROAD,SIGNED ROUTE,NA
CHESTNUT AVE,SIGNED ROUTE,NA
CLARKS LANE,SIGNED ROUTE,1075.4559229
CORSE AVE,SIGNED ROUTE,NA
CROSS COUNTRY BLVD,SIGNED ROUTE,6723.59891175
CURRAN DR,SIGNED ROUTE,NA
DOLFIELD AVE,SIGNED ROUTE,NA
DRUID PARK LAKE DR,SIGNED ROUTE,NA
E 33RD ST,SIGNED ROUTE,216.56292953
E 34TH ST,SIGNED ROUTE,99.86366704
E BALTIMORE ST,SIGNED ROUTE,NA
E CLEMENT ST,SIGNED ROUTE,894.15264917
E COLD SPRING LANE,SIGNED ROUTE,18.47702219
E GITTINGS ST,SIGNED ROUTE,1374.82961211
E LANVALE ST,SIGNED ROUTE,NA
E LOMBARD ST,SIGNED ROUTE,NA
E MONUMENT ST,SIGNED ROUTE,NA
E MOUNT ROYAL AVE,SIGNED ROUTE,NA
E PRATT ST,SIGNED ROUTE,NA
E UNIVERSITY PKWY,SIGNED ROUTE,3505.17049879
EASTERN AVE,SIGNED ROUTE,NA
ECHODALE AVE,SIGNED ROUTE,NA
EDMONDSON AVE,SIGNED ROUTE,NA
ESSEX ST,SIGNED ROUTE,NA
ETHELBERT AVE,SIGNED ROUTE,699.88448829
FAIRHAVEN AVE,SIGNED ROUTE,NA
FAIT AVE,SIGNED ROUTE,NA
FALLSWAY,SIGNED ROUTE,NA
FAWN ST,SIGNED ROUTE,929.80072719
FLEET ST,SIGNED ROUTE,NA
FRANKFORD AVE,SIGNED ROUTE,NA
FRANKFORD ROAD,SIGNED ROUTE,NA
FRANKFURST AVE,SIGNED ROUTE,NA
FREDERICK AVE,SIGNED ROUTE,NA
FREDERICK ROAD,SIGNED ROUTE,NA
GARRISON BLVD,SIGNED ROUTE,NA
GLEN AVE,SIGNED ROUTE,NA
GOUGH ST,SIGNED ROUTE,4219.05122912
GREENSPRING AVE,SIGNED ROUTE,NA
GREENWAY,SIGNED ROUTE,5362.2712417699995
GUILFORD AVE,SIGNED ROUTE,NA
GUILFORD TERR,SIGNED ROUTE,NA
GWYNN OAK AVE,SIGNED ROUTE,NA
HAMLIN AVE,SIGNED ROUTE,NA
HILLEN ROAD,SIGNED ROUTE,65.16350959
HILTON ROAD,SIGNED ROUTE,NA
HUNTINGDON PATH,SIGNED ROUTE,NA
JACKSON ST,SIGNED ROUTE,577.78346967
KELLY AVE,SIGNED ROUTE,NA
KESWICK ROAD,SIGNED ROUTE,NA
LAKE DR,SIGNED ROUTE,NA
LAKE MONTEBELLO DR,SIGNED ROUTE,NA
LANCASTER ST,SIGNED ROUTE,1885.55218874
LEAKIN ST,SIGNED ROUTE,NA
LIBERTY HEIGHTS AVE,SIGNED ROUTE,NA
LIGHT ST,SIGNED ROUTE,NA
LOCH RAVEN BLVD,SIGNED ROUTE,67.00418612
MADISON AVE,SIGNED ROUTE,NA
MC CALLUM DR,SIGNED ROUTE,1387.10258505
MILLBROOK ROAD,SIGNED ROUTE,2208.5831295
MORAVIA PARK DR,SIGNED ROUTE,NA
N BROADWAY,SIGNED ROUTE,NA
N CENTRAL AVE,SIGNED ROUTE,NA
N CHARLES,SIGNED ROUTE,1132.28251635
N CHARLES ST,SIGNED ROUTE,3312.16291538
N HIGHLAND AVE,SIGNED ROUTE,NA
N ROGERS AVE,SIGNED ROUTE,NA
NORTHWOOD DR,SIGNED ROUTE,464.24843955
NORWOOD ROAD,SIGNED ROUTE,660.59016508
NOTRE DAME LANE,SIGNED ROUTE,904.42618611
O'DONNELL ST CUT OFF,SIGNED ROUTE,NA
PACIFIC ST,SIGNED ROUTE,NA
PARK HEIGHTS AVE,SIGNED ROUTE,NA
PENTWOOD ROAD,SIGNED ROUTE,3035.36462169
PIMLICO ROAD,SIGNED ROUTE,NA
POST ROAD,SIGNED ROUTE,1910.89748625
POTEE ST,SIGNED ROUTE,NA
PRESIDENT ST,SIGNED ROUTE,NA
RIVERSIDE AVE,SIGNED ROUTE,1900.0742418099999
ROLAND AVE,SIGNED ROUTE,NA
S BROADWAY,SIGNED ROUTE,NA
S CAROLINE ST,SIGNED ROUTE,NA
S CENTRAL AVE,SIGNED ROUTE,NA
S CONKLING ST,SIGNED ROUTE,NA
S EXETER ST,SIGNED ROUTE,80.06311277
S HANOVER,SIGNED ROUTE,NA
S HANOVER ST,SIGNED ROUTE,NA
S HAVEN ST,SIGNED ROUTE,NA
S HIGHLAND AVE,SIGNED ROUTE,NA
S MONTFORD AVE,SIGNED ROUTE,NA
S PRESIDENT ST,SIGNED ROUTE,NA
SAINT PAUL ST,SIGNED ROUTE,NA
SAN MARTIN DR,SIGNED ROUTE,4516.73335256
SEQUOIA AVE,SIGNED ROUTE,NA
STUART AVE,SIGNED ROUTE,NA
THE ALAMEDA,SIGNED ROUTE,634.5706593299999
TRAINOR AVE,SIGNED ROUTE,335.57315793
TRINITY ST,SIGNED ROUTE,472.40722709
VAN LILL ST,SIGNED ROUTE,NA
W 33RD ST,SIGNED ROUTE,NA
W 36TH ST,SIGNED ROUTE,NA
W 39TH ST,SIGNED ROUTE,1525.06862845
W BELVEDERE AVE,SIGNED ROUTE,NA
W COLD SPRING LANE,SIGNED ROUTE,NA
W LANVALE ST,SIGNED ROUTE,NA
W LOMBARD ST,SIGNED ROUTE,NA
W PRATT ST,SIGNED ROUTE,NA
W ROGERS AVE,SIGNED ROUTE,NA
W UNIVERSITY PKWY,SIGNED ROUTE,NA
WABASH AVE,SIGNED ROUTE,NA
WALTHER AVE,SIGNED ROUTE,NA
WARREN AVE,SIGNED ROUTE,172.63444476
WHITMAN DR,SIGNED ROUTE,328.21512034
WILLIAM ST,SIGNED ROUTE,1800.64562866
WINANS WAY,SIGNED ROUTE,NA
WINSTON AVE,SIGNED ROUTE,5225.8509782
WINSTON-ROSSITER,SIGNED ROUTE,513.66242822
WINSTON-STONEWOOD,SIGNED ROUTE,262.37189461
WYMAN PARK DR,SIGNED ROUTE,1305.2032874
YORK ROAD,SIGNED ROUTE,66.52652247
